referencia,zona
Q16T,
4861,
ACCESORIO,
EN15 PART,
EN15-PART,
M62,
SX-104,304-FOTOS
NG-987,
GM-566,304-Z1
MZ-2035,304-Z8
18244-2,
2X-05,404-Z4
DT-900,404-Z7
TXD-KM-TX10,304-Z1
V-378,304-Z4
V-332,404-Z5
V-325,404-Z3
ZX-02,304-Z7
V-308,304-Z2
V-362,
V-363,
3025441,
V-318,
HW003,304-Z2
DY-521,404-Z9
YS3,
YITENG-2,
AFBD42-1BDLA,
HF4004W,
HF4004B,
HF5055B,304-Z5
R.95362B-110,404-Z2
R.5234B-110,404-Z4
TO3265XSS-LA,
TSSTTVLS25NS,
K-MAF35,304-Z4
K-MAF45,304-Z5
K-MAF6,304-Z5
K-MAFD,
R.95237B-110,404-Z3
R.5232B-110,404-Z3
CKSTAF38MNS,304-Z1
CKSTAF40MSS,
CKSTAF40DDF,
CKSTAF40WDDF,304-Z5
CKSTAF401MDF,
CKSTAF40MDF,
CKSTAF68T,
CKSTAF60WDDF,304-Z5
IU-OF2.5L,
IU-OF355L,
PO-3,
PO-4,
NEXFAN-01,404-Z9
SPD-606A,404-Z9
AIMEIDUN-6,
AIMEIDUN-7,
AIMEIDUN-8,
AIMEIDUN-9,
MA-120*,
AH-U11,
XH-58X,404-Z7
KF-03,
7756-10,
EM-01,
SB-3002,DEVA
DY-09E,
DVBT2,
SG-8E,
DVB-P,
A3,
DVB-T2,
DVB-W01,304-Z8
TW30,304-Z3
ZL2,DEVA
RM-9001HD,404-Z4
LV-UW10,
3D45,404-Z4
MJ45,404-Z3
3D36,404-Z4
BD300D,404-Z4
MJ33,404-Z3
MJ26,404-Z3
MJ56,404-Z4
56CM22RGB,
MJ36,
LJJ-36,
3D33,
3D26,
ARC-0.6BL,
ARC-180G,
ARC-S180G,
ARC-180BL,
ARC-S180BL,
ARC-10BL,
ARC-10R,
RC514B,304-Z4
L89885,304-Z5
K-RCW18,304-Z4
K-RCS18,304-Z5
K-RC3B2,304-Z5
K-RC1B,304-Z4
K-RCS14,304-Z5
K-RC14B,304-Z5
K-RCW14,304-Z4
4722,304-Z5
CKSTRC3103B,
CKSTRC1700B,
CKSTRC5731W,
CKSTRC8029S,
L89031,
L85330,
L85346,
L85320,304-Z4
L85180,
L85130,304-Z4
L85150,304-Z4
L85380,304-Z5
300ML,
K-AGL15,
LB-58022,404-Z3
Y-5,
YITENG-15,
BJ-2023,
HQ-01,
JB-118,
M5*,404-Z9
CORDLESS-VACUUM,
YT-M2050,
2309,
2317,
K2312,
K970,
K970-1,
MXS003,
MXS006,
XD-20,
MINMIN1,
MINMIN2,
DK-38/3.5,404-Z9
F30,
A6R,
AirDotspro,
K330,
R-02,DEVA
MM3,DEVA
WIRELESS969,
DK-38,
E90,
MAX 10,
APRO118,
LIVEBEAM3,
PRO70,
STEREO,
JL-06,
H19,304-Z6
K90,
P-Q7,404-Z8
X91,
Q16,304-Z6
Q88,404-Z3
Y01,304-Z6
RM-EP23,
RM-EP24,
RM-EP25,
SZ-01,
U11,
U49,
JM47,304-Z6
BS-962,304-Z1
16311-1,304-Z2
TCS-200kg,DEVA
TCS-300kg,DEVA
TCS-500kg,DEVA
YD-206,
HM1,
RM-501SB,
AEW-501,512-Z1
RM-SB01,
HK-8054,404-Z5
601,304-Z2
HDL-117B-2-,
HDL-117B-2+,
FD-L400,
P4+,
17133-4,304-Z3
FY3,DEVA
DHL-117B-2,
P400,
T560-15,
S28,
P5,304-Z6
G-1,
G-3,
L49195,
L39798,
L39343,
L39799,
L39135,
L39903,
IB-HDC01,304-Z5
ICM-1-03,304-Z4
IB505P-A,304-Z4
YN-888,
YN-068,
ZH-109,
YG-1,
YG-1.,
R.96617O-110-6L,404-Z3
2FJ,
R.96617B,404-Z5
R.96637-110,404-Z3
TC-615-1B,
HE-133,
R.96633-110,404-Z3
ZL-4,
DDZ-0181,
2,
IU-BIND01,
IU-BT405TZ,
700C-PAPIDA-14S,DEVA
BINOCULARES-,
BINOCULARES,
500G,404-Z8
340G,404-Z5
YF-4,
YF-5,304-Z3
65X55X25,
70X60X30,
80X70X30,
1.5M.,
CZK-5626,
AP-3631+,
CF-1026,
F-819,304-Z5
17133-1,
17133-2,
7756-1,
7756-7,
7756-2,
7756-6,
7756-3,
7756-4,
7756-5,
1.5M-,
5M,
3M,404-Z6
1.5M,404-Z8
2-IN-2,304-Z3
OD6-PVC(SJ-806),304-Z6
DK-A209/TPC,
DK-A209TPC,
DK-A209V8,
L38725,
L38749,
L38717,
L38713,304-Z1
800G,
200G,
JX16538-9,304-Z2
JX16538-10,304-Z2
JX16538-11,304-Z3
D23277,
D23276,
CM1110B-LA,
CM0941B,
CM0916B,304-Z5
CM0701B,304-Z5
6311-19,
6311-20,
BD-17,304-Z5
BD-S2,404-Z7
MA2302,404-Z5
6311-23,
5060,
R.9100-110-0.6L,404-Z9
3778-6,304-Z2
R.9132-110-1.2L,404-Z8
XNXZ-4625,304-Z7
SK-09023,404-Z3
XNXZ-462,304-Z8
MA2205,404-Z9
GY-6,
GY-3,
DB-21,
GY-4,
DB-22,
GY-5,
BN202,304-Z7
BN203,304-Z8
BN204,304-Z6
BN-012,
9,
KP1M-9C,404-Z8
KP1M-9H,404-Z2
9,
KP1M-6C,404-Z8
KP1M-6H,404-Z9
DB-23,
DB-24,
K-CN10,
K-MCD,
K-CM500K,304-Z4
K-MCM4N,
K-CM100K,304-Z4
KPSG-2,304-Z1
KPSG-2H,304-Z1
6311-26,
JX16538-1,304-Z7
JX16538-5,304-Z7
JX16538-2,304-Z7
JX16538-6,304-Z8
JX16538-3,304-Z8
JX16538-7,304-Z8
JX16538-4,304-Z8
JX16538-8,304-Z5
BN103,304-Z8
BN104,304-Z6
BN105,404-Z9
KPDG-1,
KPDG-1H,
DKFH-6CUP,304-Z2
BVSTDCP12B,
BVSTDCS121B,304-Z5
BVSTDCS12BN,
BVSTDC4401,
BVSTDCDR5B,
BVSTDCS51B,304-Z5
BVSTEM3300,
BVSTDC3390,
L49393,304-Z1
K-CMP1502,304-Z4
MY-24-350ML,304-Z2
SC-20,
KPBT-6,
L65660,
L89259,
IU-204D,
IU-204D/B,
2469759,304-Z5
SK-04045,404-Z3
XS-3,
T-17,
XS1,DEVA
XS3,DEVA
XS4,DEVA
XS5,DEVA
WSD5,DEVA
KD-3866B,
KD-82MS,
KD-9633B,
KD-100B,DEVA
KD-350MSL,DEVA
KD-815,DEVA
KD-8837B,DEVA
KD-9633B.,DEVA
KD-350MSC,DEVA
L78889,
MX5-4-58,
A-M8,
A10*,
I-TI,
V-Q5,
Y08W,
Y13,
D10,
S5,
Y61,
Y72,
Q6,
Q7,
Q8,
D32,
Q2,
X10S,
X13S,
X200,
AH-L20,404-Z9
M10,
AM300,
S1,
V-D2,304-Z1
VQ5,404-Z9
AP-P11,
YITENG-7,
PA-20,DEVA
PA-25,DEVA
PA-25-30-40,DEVA
PA-30,
PA-30-40-50,DEVA
PA-40-50-60,DEVA
PA-50,
PA-50+,DEVA
PA-30+,
PA-40,
PA-60,DEVA
45,DEVA
70,DEVA
80,DEVA
55,DEVA
PA-40A,DEVA
PA-50A,DEVA
PA-60A,DEVA
6311-4,
6311-5,
1000G-,
DC01MV,
M38,404-Z5
M43,404-Z5
BK02/BK01,404-Z5
X6F,
C06,304-Z3
S-02,304-Z2
EP-TA845XBEGCN,
S-05,
WI-01,304-Z3
WI-02,304-Z3
AD-02,
C03,
MLG-618,
ALL PLASTIC PLAYING CARDS,
V-587,404-Z7
PHDZ-01,
PHDZ-02,
MZ-5002,304-Z6
5IN1,
CX-133,
AIR360,304-Z2
PRO 5+1,
PRO-2530,
PRO-2630,
PRO-01,304-Z8
PRO-02,304-Z8
PH-6080,
AS21A,304-Z4
NP-500,
500ML,
NP-1000C,304-Z7
NP-500C,404-Z5
500G.,
CINTA100M,DEVA
CINTA200M,DEVA
CINTA300M,DEVA
CINTA400M,DEVA
CINTA300AMA,
C-2*,
BD-2.,
BD-2,
PRO-2521,304-Z1
5515/MX5515,304-Z6
NG-9015,304-Z6
NG-9215,304-Z3
NG-8632KIT,
NG-XT1-POLAR,404-Z6
PRO-2513,304-ZFOTOS
PRO-2613,304-Z8
PRO-2523,304-Z1
PRO-2623,304-Z8
PRO-2503,
PRO-2506,
450-3,304-Z1
PRO-2501,404-Z5
AV-3D,
PRO-2517,404-Z1
XF35H,
400GAME,
Plus,
GS5,
M15,
M22*,
18267-4,
RAM-A4,
RAM-T6,304-Z2
P4*,
P4..,
P4-,
P3,
X3,
RAM231113-4,
869,
MD-808,404-Z3
A-6035,
1800,
ZL-9,
PM-1800,404-Z3
6071-10,
6311-8,
MYK-14,
WLS-1D,304-Z6
MYK-12,
WLS-1N,304-Z6
MYK-15,
WLS-1O,304-Z6
MYK-13,
WLS-1P,304-Z6
WLS-1T,304-Z6
MYK-16,
T1S,
RM-DVB1974,404-z4
RSM-2,304-FOTOS
GM-3080,
GM-3074,304-Z6
CF-002B,
FP-808,404-Z9
CF-001A,
BMQ-KM-7936,304-Z1
BMQ-KM-3077,304-Z8
V-301,304-Z3
V-302,404-Z6
16628A-13,304-Z5
540,404-Z2
540-,
AIMEIDUN-3,
#VALOE!,DEVA
TL10444,
318,
AKZ020,
P47,304-Z8
N65BT,
B23,
B30,
M22,
M27,
EQCP02T0MUSG,
RC-886,
SK-09036,404-Z4
SK-09040,404-Z4
ZX-115.,DEVA
5010,
5211,
J5211-169,DEVA
R99,
W3,
DM-202,304-Z6
MERCEDES2000,304-Z6
16628A-6,304-FOTOS
16628A-8,
16628A-11,404-Z3
16628A-7,304-Z1
16628A-9,304-Z8
79,404-Z7
75,404-Z5
74,404-Z5
F-19,304-Z4
F-24B,404-Z8
F-25D-102,304-Z6
KF-01,
F-21.,304-Z1
F-21,304-Z1
BA005A,304-Z6
BA00A,304-Z5
ZDL-02,304-Z6
BA001A,304-Z5
BA00B,304-Z8
16628A-1,
BN-DS600ML,404-Z1
TIANRONG-1,
400,
NO-908,DEVA
NO:915,DEVA
NO:921,DEVA
WS-502C,DEVA
1PCS,
8001-4,
V-595,304-Z8
V-596,404-Z5
V-578,404-Z5
PRO-9633,
PRO-9663,
YTG-11-1200,304-Z6
BP-1200,304-Z1
BP-1500,304-Z1
BP-1800,304-Z4
YTG-11-400,304-Z4
YTG-11-800,304-Z2
BP-650,304-Z7
G-2,
16311-18,304-FOTOS
16311-19,304-Z8
16311-20,304-Z7
NP2-200,304-Z6
TM0023,
JIAQI-6,
JX-1010B,304-Z2
JX-2020B,
L85770,
L85774,
JX-1010+,
H-003L,304-Z2
JX-2020+,
JX-1010B.,DEVA
JX-2020B.,DEVA
BX-06888,
17849-2,
RF-707,
1667,404-Z6
FPSTJE316W,
ZX-115,
304*,
6311-7,304-Z6
6311-9,304-Z2
F-401T,
F-801,
F-802,
FEISHIJIA-12,
GV-04,
SD-8106P,
TV-11,
F-804B,
6071-11,
F-11,304-Z1
F-185,
350PER-PACK,304-Z2
F-27,
F-28,SHOW
F-30,SHOW
V01,
V02,304-Z2
KFL-01,304-Z2
F-29,304-Z6
186-55,304-Z5
JK-Q110,
ZL-8,
BD-017,
L-014-1,304-Z2
LT865-1,404-Z9
BALANZA-1,
CK2150,304-Z1
HM5,DEVA
MH-200,
MH-500,
MH200.,DEVA
MH500.,DEVA
HK-8074,404-Z8
SH-212,404-Z9
TT-908A,404-Z6
16628A-15,404-Z8
HK-8009,404-Z6
HK-8048,304-Z6
SF-2012,
SF400.,DEVA
807A,
807B,304-Z2
MH200,
K07,
SF400,
58-,304-Z3
58000,304-Z3
MH500,
ZD-101 500G0.1G,304-Z2
HK-101/200G,404-Z7
HK-101/500G,404-Z2
YD-1,
ZD-B05,404-Z2
HK-8003,404-Z3
SF-400,304-Z7
58,304-Z5
HMS,DEVA
HK-169,304-Z6
HM-5,
HK-8006,304-Z6
WSD10,DEVA
WSD10P,DEVA
ZHANGXIAO-1,304-Z4
GUATE-2,
GUATE-3,
GUATE-4,
YITENG-12,
R.97218-110,304-Z8
LB-59034,404-Z3
HY-01,304-Z8
K-HAV,304-Z5
GB-G1812B,
8106,
BS-08,
RSM-1,404-Z3
RSM-1.,DEVA
BS-6,
LW-218,
T3,
T5,
T4,
M03,404-Z3
M04,
M3,
550G,
550ML,
KP-500ML,
KP-T2,
M13,
SX-HF02,
HX-856B,
J1,
J3,
YMJ-M8,
HWY-188/HWY-818,404-Z8
HWY-288/HWY-828,404-Z9
V75,
OR-1,
OR-2,
J9,
YX-2100,404-Z9
HY-02,
HX127,
WT-11,
C04,
JSQ-1,404-Z7
X02-2,404-Z9
J7,
FT-1941,304-Z8
KP-500ML-1,
YL-5,
500ML.,
RX-003,304-Z6
KP-2301,
FT-910,304-Z6
CL28,
SL-001002,
SL-003,
FT-1945,304-Z3
DQ701,304-Z6
X02-3,404-Z8
X03-1,404-Z8
YL-4,
24V,
LED color options,
4IN1,
MJ17,404-Z3
MJ88,404-Z3
MJ-52,404-Z2
MJ21,404-Z2
M66RGB,404-Z3
E30,404-Z2
MJ27,404-Z3
X1,
CX-229,
001*,
006*,
COCY-022,404-Z7
JX27,304-Z8
Q7.,404-Z3
17612-2,
HQ002,
TM15,
K10,404-Z3
K13*,
MCE-K02,
LHB-350ML,304-Z2
LHB-600ML,304-Z2
LHB-C350ML,304-Z5
LHB-C600ML,304-Z1
ZL-069,
DB-11,
DB-14,
DB-13,
DB-16,
DB-12,
DB-15,
PENXIANG-1,
17849-5,
100% ALL PLASTIC PLAYING CARDS,DEVA
WSD1,DEVA
IU-2310057,
IU-2310058,
16391-2,404-Z3
16391-4,404-Z3
16391-1.,404-Z3
16391-3,404-Z3
CW-1602GR,
CW-1601JS,
RAM-C90,
RAM-C91,
CW-1603C,
813-1,404-Z5
813-2,404-Z4
813-3,404-Z6
813-4,404-Z8
813-5,404-Z5
YS2,
YS1,
SL1,DEVA
SL2,DEVA
Y-1,
Y-2,
Y-4,
YITENG-10,
YITENG-11,
WG-U702,304-Z3
232-2,
232-1,
2300250001,
EB-811,304-Z8
LTG-119,
LTG119,
KV-1004,
KV-15147,
KV-6618,404-Z2
KV-1042,404-Z2
KV-1043,404-Z2
6092-1,
6092-2,
D1,
D2,
501,404-Z9
502C,404-Z6
502E,404-Z9
633,404-Z6
18043-1,304-Z1
17612-1,
AOJUE-240106,
18267-5,404-Z7
18267-1,
S3,
JS445,
T-703B5,304-Z1
T-704,304-Z5
TS-06,304-Z6
WSD9,DEVA
WSD7,DEVA
BN-16628A-16,
BN-16628A-17,
HELLOBEAR,
HK-09,
I,
COFFEE-GIFT-SET,
A18,DEVA
PL02,
MW-555,
16CM-1,
T-1,
T-2,
T-3,
T-5,
T-4,
LAIPARA-10,
LAIPARA-4,
6522,
7021,
GL1136B,
Q208,
TYX-8100,
18244-8,
SUNS15-1,404-Z9
SUNS15,404-Z7
SUN-S80-2,404-Z8
SUN-S50,404-Z8
SUN5,304-Z1
BB-1,DEVA
BB-2,DEVA
BB-3,DEVA
BB-4,DEVA
BB-5,DEVA
BB-6,DEVA
T-6,
L-1,
VK009D,
SUNYC-57,
SUNY-01,
PL03,
.HS-887,
HS-887,
SUNX-,
SUNX,
XZM-5XS,
RSM-4,304-Z4
SUN-S20.,304-Z6
SUN-S80.,404-Z7
180COB,
18626-1,
18626-2,
18626-3,
18626-4,
AP-3631,
D18,
JB-2188B,
LED160-15,404-Z9
LT-1727,
LT-1828,
MS-6,
JX-616E,304-Z3
R18,
ZB-F160-15,
LT-F12,
18317-1,
1828COB,
JB-2188B+,
1727,
SSG9077,
TGX-L2,
CL-180,
YXX-1,
YXX-2,
YXX-3,
XF-702,
6311-25,
7545,DEVA
R.92939-110-2-IN-1,404-Z5
ASB-119,
HB2800B,
BL0876-1RDLA,
BL0876-0WDLA,304-Z4
BLBD210GW,
BLBD210GB,304-Z4
BLBD210GR,
BT-1015,
L63260,304-Z4
L63200,304-Z5
R.92821-110,304-Z8
R.92877-110,304-Z7
R.92840-110,304-Z8
LI342DI0,
LM810856,
LM283A56,
K-LPP40S,304-Z4
K-LPV40,304-Z4
BLSTKAP-WRD,304-Z5
BLSTKAP-BRD,304-Z5
BLSTKAP-RRD,
BLSTBESTE,
6832,
BLSTKAG-WRD,
BLST4655,304-Z5
BLSTKAG-NRD,
BLSTPEG-GPB,304-Z5
BLST3A-CPG,
BLSTKAG-BRD,304-Z4
BLSTPEG-BRT,
BLSTPYG1309B,
BLST4655B,
BLSTPEG-BPB,304-Z4
BLSTKAG-RRD,
BLST3A-R2G,
BLSTPEG-RPB,
HM-03,404-Z3
L50015,
IU-4655BL,
IU-LM04,
IU-999A,
L50017,
L50850,
SC1589,304-Z4
L42,404-Z3
901,404-Z8
301,404-Z6
S83,404-Z9
A76,
ST-05,
ST-05+,
SQ-901.,DEVA
HF-0312,304-Z2
YW-2301,304-Z6
KX-1804,
2199,
GD-G109,
TJ-1598-6,
TL-1706,
YR-9192,
RM-LT114,304-Z8
XJ4603-C,
YT-4688,304-Z8
XF-1706,304-Z8
SQ-901,
YT-807,304-Z2
HX-031,
LT-4688,
101,
YT-799,304-Z6
PM-2831,304-Z6
P505,
3354-8,DEVA
505,
919,DEVA
C703,
GD-G101,DEVA
GD-G106,DEVA
GG-2001,DEVA
GG-2003,DEVA
GG-7159,DEVA
HK916,DEVA
K3,
LB-1603,DEVA
LB-659,DEVA
LB-S12,
LB-S21,
LT-145,
LT-4689,DEVA
LT-520,
LT-703,Z
LT-828,
LT-8842,
LT10,DEVA
LT15,DEVA
LT16,DEVA
LT17,DEVA
LT9,DEVA
MC7602,DEVA
G19+,
S2301,
S2306,DEVA
S2309.,DEVA
S2405,DEVA
WH-1101,DEVA
WL1,DEVA
303+,
S2305,304-Z6
520+,
603,
603+,DEVA
A76+,
WENLI-1,
WENLI-2,
WENLI-3,
8842,
3354-8.,304-Z2
511+,DEVA
513+,
535,
C705,
LT-535,
MJ-515+,DEVA
YXX-4,
OFK-60,
2211,
505+,
911,
911+,
LB-S12+,
LB-S21+,
S2301+,
S2305+,DEVA
X-46,
X71,
LT-012,304-Z6
S2315,
S2317,304-Z3
288,304-Z2
LT-303,304-Z8
LT-717,304-Z6
S2309,304-Z7
605,304-Z2
616-1,304-Z6
705+,DEVA
KM-1170,
KM-1173,
KM-1175,
KM-202,
L-39,404-Z9
S-6362,404-Z4
LT-603,304-Z7
QD-G108,304-Z8
PH-239DX,404-Z4
KY-9936,
YN-9937B,
705,404-Z9
C609,
G3-18317-002,304-Z3
511,
LT-513,304-Z7
LT-515,404-Z3
W5147,304-Z6
SJ-06,
LT-1037,304-Z2
X36,DEVA
BX-SP36,
2211*,304-Z8
OKD-1,
OKD-2,Z
OKD-3,
OKD-4,
702,404-Z9
S2319,
IPX8,304-Z6
S2308,304-Z8
ZXD-1800,DEVA
S82,404-Z8
YJ-B05,404-Z7
YJ-B06,404-Z5
EDO,404-Z6
SJ012-1,404-Z5
ZS-333,
MJ-515,
YZ-9936,Z
ZJ-012,
TJ1,DEVA
TJ-1,
18244-3,
YS-002,DEVA
GS-330,
GS-450,
LED600RGB,304-Z8
LED800RGB,304-Z8
PM-60,
PRO LED600,304-Z6
PRO LED800,304-Z6
RL-19,304-Z6
RL-24,304-Z6
PM-36,
RL-11,304-Z8
RL-16,304-Z7
CS-2600,
CS-2600.,404-Z9
PM-26,
JSY-0510,
AY-83,
AY-96JSSR,
PY-11,
QX-F1,
LJ-S02,
WY6,DEVA
WY7,DEVA
WY8,DEVA
PRO-WAX100,
6311-24,
0.038.006.0003-2103,404-Z3
0.041.018.0003-2106,404-Z8
0.018.010.0015-2108,404-Z1
10.0015-2108,
0.018.009.0004.2103,404-Z3
0.018.015.0002-2102,404-Z8
0.036.001.0013-2110,
0.050.012.0003-2102,404-Z4
T6,
SK-04005,404-Z3
SK-04022,404-Z3
SM-202A,
SM-202A-1,
SM-202A-2,
R.9666-110,404-Z7
KM-223,
KM-642,
KM-658,304-Z4
KM-1763,404-Z9
KM-1990B,
KM-809A,
V-203,
V-153,304-Z4
V-002,
V-092,304-Z4
V-256,
V-267,304-Z4
V-653,304-Z4
V-675,304-Z4
V-682,
V-698,
WA-2933,
09314-3208,304-Z5
09314-2708,
09314-3708,304-Z4
79450-308,304-Z4
09314-2408,304-Z5
09155-1778,
3024611,
09243-6208,304-Z5
09243-6978,
79305-3608,304-Z4
09314-2608,304-Z4
09243-6778,304-Z5
70002-008,304-Z4
09243-6308,304-Z4
3024608,304-Z4
LFJ-KM-2289,404-Z9
LFJ-KM-2293,
2108 UV/MG,304-Z1
KM-2130,
V-141,
V-166,
V-177,
V-917,
V-930,
V-989,
KM-2230,
KM-2242,
08149-,
KM-2286,
KM-2606,
KM-2295,
KM-2254,
GM3074,
GM566,
ZX-03,404-Z8
ZX-04,304-Z8
V-005,304-Z6
KM-1670,
KI-1550,404-Z9
KM-1862,
GM-8109,404-Z6
8563,
405,304-Z1
GM-8046,
GM8103,304-Z2
KM-2293,304-Z1
KM-2296,404-Z9
KM-511,404-Z9
KM-PG809A,304-Z7
LFJ-KM-1359,304-Z3
LFJ-KM-1878,404-Z6
V-085,
V-240,304-Z2
V-996,304-Z1
GM-8113,404-Z5
V-118,404-Z5
V-228,304-Z8
V-268,304-Z6
V-278,304-Z8
KM-2299,304-Z1
LFJ-KM-1358,404-Z8
LFJ-KM-762,304-Z3
V-331,
V-905,304-Z3
V-964,304-Z1
HAIJIE-4,
WQ-HS605,
R.95209-110,
R.95209R-110,404-Z7
V-204,304-Z2
8300,
KM-3293,
NG-101,
NG-108S-SET,
NG-115,
NG-210,
NG-508,
BQ-109,
SUN X,
Y-3,
17849-6,
1,
1,
17133-3,404-Z9
JY-711PLUS,
JY-611PLUS,
JY-76OPLUS,
720,404-Z4
S100-T,
ZL-6,
XY3199,
ZM652,
Y18,304-Z2
M1,
B2,404-Z5
2IN1,
619U,
918L,
DQ130,304-Z8
FY-2,
GX-218U,
MSD-DG16GB,
MSD-DG4GB,
USB-DG8GB,
FY-1,
HD-555,
SH-02,404-Z8
6311-6,
CTIME-8,
800ML,
400ML,
600ML,Z
6311-22,
GY-10,
GY-11,
GY-12,
YIR101-1,
YJR101,
16311-7,
16311-6,
16311-2,
YP-23,404-Z3
BN-M400ML,304-Z6
BN-M600ML,404-Z2
BN-M800ML,304-Z8
BD-25S,
BD1,304-Z5
BN-360C,404-Z2
BN-500C,404-Z9
BN-360H,304-ZFOTOS
BN-500H,304-ZFOTOS
HB-100,304-Z8
WM-01,304-Z2
16311-3,404-Z7
16311-4,404-Z9
16311-5,404-Z2
GY-8,
GY-9,
SQ-03,304-Z3
SQ-02,304-Z1
WG-198,
SM-338,
BM-800,
BM-800-TRIPO,
K8,
K9,
K15,404-Z3
MIC-207,304-Z1
DM-3308A,
DX-U110,
DX-U220,
WG-100II,
MT-1002B,304-Z2
DX-201A,
QY66,404-Z7
T90,404-Z8
Q8-2,
MIC-207A,404-Z7
WG-2.4I,304-Z1
WG-2011B,
MICRO-3.5,404-Z9
WS-858,
K6,404-Z8
K7,304-Z2
DS109,
DS810,
MC870,
WS-1885,
MICRO-TC,404-Z9
MICRO-IOS,404-Z8
F11,
K-MW07BNG,304-Z5
K-MW07BL,304-Z5
K-MW07N,304-Z6
700-3,404-Z9
L-001,
L-005,304-Z2
L-014,304-Z2
L-002,304-Z6
L-011,304-Z6
MM1,DEVA
NC-18,
YC-02,
A:16,404-Z9
F11-2,304-Z3
AMN-2,
SX-616,304-Z2
399,DEVA
700-1,
JL8858A,DEVA
MINIFAN,DEVA
TX265,DEVA
WP-MK03,
610,404-Z7
K-MB93G,
300MBPS,
UNT300M,
SA-001,304-Z1
R.93368-110,404-Z3
GY-7,
GY-1,
GY-2,
6071-1,
6311-1,
6311-2,
6311-3,
6381-1,
600N,
N600,404-Z4
MA-011,404-Z2
WT-1126,404-Z4
JJ660,
7688-2,
AFEISHIJIA-1,
AFEISHIJIA-2,
AFEISHIJIA-5,
SY-002,
CTIME-7,
CTIME-3,
CTIME-4,
CTIME-6,
CTIME-1,
CTIME-2,
CTIME-5,
HLH-85,304-Z6
KF-04,
ZT-005,
BM-03,304-Z8
IU-MGB,
6071-2,
TL101,304-Z4
TL102,404-Z7
R.97113-110,404-Z3
BM-167,
CERAMICA,
MYK-2,Z
MYK-1,
16311-12,304-Z8
16311-10,304-Z6
KMDJ-HC,404-Z6
BN19-06,304-Z8
16311-13,304-Z8
16311-11,404-Z3
BN-02H,404-Z2
KFM-01,304-Z2
16311-8,404-Z2
16311-9,404-Z3
KFM-05,404-Z7
KFM-03,404-Z6
KFM-04,
N800,404-Z3
L14200,304-Z4
T2,404-Z3
M01,404-Z2
M1688*,404-Z3
M1688,404-Z6
VERTICAL-MO2,
BA100,
M256,
M1.,404-Z9
M820,404-Z6
A100,404-Z2
CBA100,404-Z3
M3*,
MO21,
W80,
611,304-Z2
JBB-02,
DTM-630,
G19,
SC-50K,304-Z8
LINGLING-4,
480ULTRALIVIANA,304-Z2
GD-02,DEVA
KF-02,
YW-04,
YW-05,304-Z2
YW-03,304-Z2
L22330,304-Z4
L22201,
L22203,
SK-07056,404-Z3
SK-07058,404-Z7
IU-OF45LV,
R.9178-110,304-Z8
R.9177-110 6L,304-Z8
IU-OPM07,
XX-5,
PR100SD,304-Z5
PR100B,
L22400,
L22600,
HEPC56LLSS,304-Z4
ICM-1-05,
K-OPAL42,304-Z5
K-OPAL6,304-Z8
K-OPAL7L,
K-OPR42,304-Z4
K-OPR6,304-Z5
L37595,304-Z4
L24302,304-Z4
L27430,
L37598,304-Z1
L24440,304-Z5
L23400,
L37706,304-Z4
L24660,304-Z1
L27630,
L37770,
L39203,304-Z1
L39307,304-Z1
L39445,304-Z1
L52303,304-Z5
JN-331,
18244-7,
TM0037,
A-556,304-Z2
A-612,304-Z2
A-555,304-Z2
R1,304-Z8
R1S,304-Z6
R12,404-Z2
H12D,404-Z4
Q36-D,404-Z2
R16S,404-Z3
R7S-L,404-Z2
HB-1825,
HB-680,
HB-1850,
18626-5,
815-2,404-Z3
IU-SP13,
AEW-201,512-Z1
AEW-212,
YM-121,
YM-008,
YHY01,
3,
887,
BD-108,
BOOMSBOX3MINI,
BOOMSBOXC6,
C20PLUS,
CRATEBEAR-B1,
G6,
GTC-1736,
GTS-1286,
GTS-1393,
A50*,
A6MAX,
H60,404-Z9
P60,
PARTY100,
K13,
KK-01,
KMS-248,
LT-908,
N-71,
NR-4020,
P33PLUS,
RM-S578,
S1000,
S6S,
S9200IPX6,
TG-312NEW,
TG807,
TG808,
T20,
TG-375,
TG-339,
TG-113,
TG-341,
TG116,
TG145,
TG191,
TG373,
TG376,
TG421,
TG504,
TG526,
TG655,
TG656,
TG657,
TG658,
TG665,
TG667,
TG668,
WIND3,
WS-2922,
WS-301,
WS-303*,
WS-887,
PARTY BOX150,404-Z6
P58,
G2388A,304-Z2
XM-G5,304-Z2
L13,
P10PRO,
P11PRO,
X680,
FLIP6MAX,
IPX4,
L18,304-Z2
MFG-M8,
S400,
S450,
S480,
V11,
V9,
S278,
LT-1,
LT-2,
A6X,
A013,
GTS-2097,304-Z3
R65RG,
XL-911,
500,404-Z8
801,404-Z8
700,404-Z6
B30/BOOMSBOX3,304-Z6
TG672,
BOOMBOX3,304-Z2
BOOMS BOX3,
GU-133,404-Z8
H49,
H67,
P39,404-Z6
P65,404-Z7
TG431,
SY-308,304-Z1
TG695,
TG375,304-Z7
GU-159,404-Z7
HR-29BTL,
HR-30BTL,
2026PRO,
B61,
GTS-2165,304-Z1
K12,
KCR,
KILBURN IV W8,
KILBURN IV W8,
KILBURN IVW8,
PARTY 300MINI,404-Z7
S6600MINI,404-Z8
S881,304-Z2
TG424,404-Z7
TG434,
TG645,
TG671,
TG113,304-Z6
H51,
H52,404-Z2
H68,404-Z7
FLIP7,304-Z2
GTS-2159,
H56-HOPESTAR,
KILBURN III W4,
KILBURN III W4,
KILBURN IIIW4,404-Z6
M25,
SE-T23,
X-911,304-Z6
X-913,
S218,
B5S,
GTS-1386,304-Z8
GTS-1390,304-Z8
GTS-1395,
GTS-1396,304-Z8
H37,404-Z9
H73,
H74,
MCE-015,
MCE-058,
MIDDLETON W3,
MIDDLETON W3,
MIDDLETONW3,404-Z8
P-331,404-Z8
A1017,
TG392,304-Z6
H32,404-Z7
H33,404-Z9
GTS-1345,304-Z8
GTS-1346,304-Z8
GTS-1349,304-Z8
GTS-1360,304-Z8
GTS-1361,
GTS-1362,304-Z8
GTS-1961,304-Z8
GTS-2288,304-Z8
TG-659,304-Z6
BOOMBOX933,404-Z2
GTS-1248,304-Z8
XMX66,
Y-558B,
Y-588,
Y-589,
YS-108,
ZX-01,
HF-F119,404-Z1
HF-F911,404-Z3
WS-233,
WS-592,
S7,
S8,
TF26PRO,
S2,
RM-1203,
RM-1210,
RM-1211,
RM-1289,
RM-1204,
RM-1205,
RM-2012,
RM-15SP,
RM-1504,
RM-1589,
RM-1505,
RM-2801,
RM-1021,
RM-1022,522-Z3
RM-2112,
RM-2605,
RM-2808,522-Z5
RM-2805,
RM-2807,522-Z2
RM-2803,
RM-3801,
RM-3802,516-Z4
RM-607,
RM-610,
RM-620,
RM-621,
RM-187-RM-817,
RM-807,
RM-813,
RM-814,
RM-817$,
RM-818,
RM-820,512-Z1
RM-AC208RB,
RM-187/RM-817,512-Z1
RM-815,
RM-815.,
RM-816,
RM-2806,
RM-825,
RM-830,
RM-PS2532BT,304-Z6
RM-2802,
RM-70,
RM-78,
RM-603,516-Z5
RM-605,
TG427,
TG418,
TG674,304-ZN2
TG654,
TG675,
TG-373,
IU-P102BS,
R.95301-110,404-Z4
R.9240-110,404-Z6
MINI-3-IN-1,
DL-1585,
KM-659,304-Z4
KM-PG232,304-Z4
KM-5859,
7598-1,
7598-2,
7598-3,
SX-1,
T9,
V-059,304-Z4
V-070,304-Z4
V-096,
V-229,304-Z4
V-903,304-Z4
V-920,304-Z4
V-937,304-Z4
V-968,
WA-2108,
WA-2967,
09892-008,
3000034,304-Z5
09307-308,304-Z5
WL-11063,
WL-11070,
7688-3,
EM15,
YF-1,
CMU4010,
IU-20TZ,
IU-30TZ,
PERDIDA,
L37100,
L37109,304-Z4
L52304,304-Z1
L39204,304-Z1
TC-211,
2003A,
2017A2,304-Z2
2005D,304-Z8
HK-26L,304-Z8
HE-304,404-Z8
HC150B,
216,
ZHANGXIAO-4,
79071-2,
RA-01,404-Z6
RA-02,304-Z2
JD-808,304-Z6
IU-PR14,
HC150W,
FP4200B,
F-002,
R.92872-110,304-Z1
1101*,
FPSTFP3322,
3320,
MGE-333,
JD-23072,304-Z7
YITENG-5,
K-3D-V,
M-11.,
PRO-2502,
PISTOLA 7 CHORROS,
SL-0122,
480EXTREME-PRO,304-Z4
488BLUE-QUARTZ,
450F-2,
S9960,304-Z5
S8500,304-Z2
S8510,304-Z5
S8599,304-Z5
S6300M,304-Z4
S7740,304-Z4
S8001P,
WA-2137,
WA-2320,
WA-2322,
450,304-Z1
SI-6025,
R.91106-110,304-Z2
L39289,
LJJ-518,
450F,
S-9960,304-Z1
PRO-1857,404-Z5
YB005,
A-1,
IRBD302,
IRBD300,
IRBD315,
IRBD365,304-Z5
L95550,304-Z4
ICM-P07,304-Z2
ICM-P04,304-Z5
ICM-P03,304-Z5
ICM-P06,304-Z5
K-PBAC,
K-PBA,304-Z4
K-MPV1500A,
GCSTBS5004,
GCSTBS3801,
GCSTBS3803,304-Z5
GCSTES-100,
GCSTES-101,
SR-2088A,
IU-219A,
IU-660T,304-Z4
IU-78,
IU-PL04V,
L40600,304-Z5
ADI-100R,
L40690,
10001,
HT-258B,404-Z9
PRO-2508,
BT-120,304-Z1
16391-1,
A228,
N4,304-Z2
MY208C,
MYK-9,
MY-24,304-Z1
MY-24C,304-Z1
MYK-3,
MYK-6,
16070-2,
16070-8,
MW-928,
600ML.,
MY-25,304-Z5
MY-25C,304-Z1
MYK-10,
MYK-4,
MYK-7,
16070-3,
16070-5,
16070-7,
6311-10,
6311-11,
6311-12,
6311-13,
6311-14,
6311-15,
6311-16,
6311-17,
6311-18,
800ML.,Z
MYK-11,
16070-4,
16070-6,
MY-26,304-Z2
MY-26C,304-Z8
MYK-5,
MYK-8,
MW-929,
MY-122,
MY-M120,
MY-M121,
16311-17,404-Z2
BN-PF800ML,404-Z5
FYH-800ML,
16311-16,404-Z4
FYH-600ML,
16311-15,404-Z4
BN-PF350ML,
FYH-350ML,
HS-8208,304-Z3
FP1337,
IU-PR15,
IB318,304-Z5
K-PA250,304-Z4
K-MPA1004B01,
L89270,
P30MAX,404-Z5
MR-6,
JX-20CM,
MAGICAL-X4,404-Z5
HY300,404-Z2
TS-2,404-Z2
MG-303,304-Z4
XSUN-709,404-Z9
XSUN-712,404-Z6
HERRA12,DEVA
HERRA13,DEVA
AD-218,
AD-218*,
JJY-200,
MD-1163BT,
NT-R1245,
NT-R1247,
K-257,
K-263,
ICF961,304-Z2
ICF962,304-Z2
M-1915BT,
RM-3A001,304-Z6
FX2523B,
NS7220BT,
PX3600BTS,
NS-7211BT,
NS-7113BT,
NS-7117BT,
NS-7772BT,
NS7116BT,
RX078CS,
RX2607S,
YG-1086MINI,
XB-898BT-S,
M-1161BT,
M-1807BT,
M-1932BT,
M-1935BT,304-Z2
NS-6618BT,
NS-6637BT,
NS-6638BT,
R-1928BTL,
RX-1500BT,
M-2032BT,
RX-720D,
H311UBT,
KB-801,
YN-2315BT,
H011UBT,404-Z7
YSF-005BT,
R-1950BTL,
TG-66,
YM-7360BT,404-Z5
M-157BT,
NS-6656BT,404-Z7
MD-1300BT,
MD-1305BTS,
KK-233D,304-Z2
M-1308BT,
M-67BT,
MD-1311BT,
MD-1311BT.,404-Z7
MD-1312BT,404-Z7
NS-7001S,
RX-308D,304-Z2
RX-BT087,
M-1231BT,
MD-949BT,
MD-959S,
NS-7007S,404-Z9
NS-7080BT,
NS-7081BT,
PX-726BTS,404-Z9
RX-388S,
RX-A10BT,
YG-7070BTS,
MD-1303BT,
MD-979S,
XB-900BT-S,
M-1010BT,
NS-7055S,404-Z9
YG-M10,
ICF-8BT,
RX-BT929,404-Z2
RX-BT939,404-Z8
MD-505BT,
D100,
M-112BT,404-Z8
M-113BT,404-Z7
MD-1217BT,404-Z3
MD-1318BT,304-Z8
MD-1319BT,404-Z3
M-1160BT,404-Z8
M-161BT,
NS-Q12BT,
FP-317-S,404-Z7
RM-AC18,404-Z7
RM-AC222,404-Z1
RM-66,404-Z1
RM-100AC,404-Z7
RM-333BT,404-Z9
RM-180BT,404-Z6
RM-110BT,404-Z1
RM-208P,
RM-209BT,304-Z8
RM-269BT,
VS-R1247USB,
FP-821,304-Z2
FP-825,404-Z7
IU-R215,
IU-R218,
IU-R822,
XB-911B,404-Z9
YG-335U,
7IN1,
CHOP,
DD-002,
LS-040,
KM-7937,
HX-302,
V-733,
BT350,
M-3,
FH-B10,304-Z6
MESH,
HD3409,DEVA
8012,DEVA
BH,DEVA
6603,
DT-6507*,
HL-1019,DEVA
DT-6507,
GH0712L,
TS-613A-2,404-Z7
KK-6869,404-Z9
V16 PRO,404-Z3
V18PRO,404-Z3
V16 PROMAX,404-Z5
V18PROMAX,404-Z4
KD-3810N,
G9MAX,304-Z2
GT4MINI,
GT5MAX,
GT6HERO,
S20MAX,
S30MAX,
S40MAX,
SK25,
WATCH4,
ZW25,
AIMEIDUN-1,
LT-2030,
YB-006,304-Z4
BD613,304-Z2
S-011,
CURLING19,304-Z4
CURLING25.,304-Z4
CURLING25,
NHC-8558,
PRO-1810,
PRO-1811,
QL-118,404-Z8
M-11,304-Z8
45-50W,304-Z8
PRO-1812,304-Z6
CI11AF,
PD-2118,
RM-DVD1974,
PAPEL,404-Z8
AWM-815BL,
AGM-817G,
AGM-817BL,
ASM-817G,
ASM-817BL,
L88334,304-Z5
R.9207S-110,404-Z4
R.9207T-110,404-Z4
R.92580S-110,404-Z4
R.92580T-110,404-Z6
K-SM3,
K-SMP500,
K-SMP200N,304-Z4
K-SM101,304-Z4
K-SM102,
K-SM400N,
CKSTPA2880,
R.9214S-110,
R.9214T-110,
L88333,304-Z4
IU-SD07,
L88335,
L79730,
YITENG-6,
YW-01,
YW-02,304-Z2
H-1,
H-2,
LJG168-20,
LJG168-22,
L72411,
L72415,304-Z1
L72416,304-Z1
L72417,304-Z1
L72418,304-Z4
L37885,
L39700,
L39600,
L39685,
WLH-1,
WLH-3,
C1,
C2,Z
16333-1,
MONOPATIN-1,DEVA
21000ELEGANCE,304-Z4
IONIT21000,304-Z4
IONIC21000,304-Z2
BP-7100,
BP-886,
BP-8896,
BP-5500,304-Z7
5250,
DL-3016,
NV-9011,
ZM-9955,304-Z8
ZM-9965,304-Z2
MH5205,
ZM-9976,304-Z6
PRO-5352,404-Z6
PRO-5362,404-Z2
RD-2007,
PRO-2003,404-Z2
NV-9103,404-Z9
D13A,304-Z3
D5000,
D3190,304-Z4
D3015,304-Z2
D3019,304-Z2
D3080,304-Z2
18244-5,
MZ-1808,404-Z3
HX-6,304-Z7
RSM-3,304-Z3
9928,
L11S,
Q08,
S03,
16628A-2,304-Z6
16628A-4,304-Z2
BN-Y400ML,404-Z8
BN-Y360ML,304-ZFOTOS
16628A-3,304-Z7
16628A-5,304-Z2
BN-Y600ML,304-Z1
BN-Y800ML,404-Z7
16628A-14,304-Z5
TRANSPORTE,
TALLER,
701-24PCS,
C-12,
L701-24PCS,
SY2,DEVA
ER-0278.,
SY1,DEVA
JX-1,
JX-2,
18267-3,
ER-0238A,404-Z3
ER-0278,404Z4
SG-9200,404-Z3
WSD3,DEVA
WSD4,DEVA
WSD2,DEVA
18267-6,
SY3,DEVA
18267-10,
KM-2132,
SL-0123,
HERRA11,DEVA
YSDI,DEVA
HK,
G7MAX,
S9,404-Z9
WS-GS68,
WS-GS78,
WS-GS91,
WS-GS92,
LISHUAI-1,
LISHUAI-2,
LISHUAI-3,
LISHUAI-4,
LS1,DEVA
LS10,DEVA
LS11,DEVA
LS12,DEVA
LS13,DEVA
LS14,DEVA
LS18,DEVA
LS19,DEVA
LS2,DEVA
LS20,DEVA
LS4,DEVA
LS5,DEVA
LS6,DEVA
LS7,DEVA
TIANYI-1,
TIANYI-2,
TY1,DEVA
TY2,DEVA
TY3,DEVA
TY4,DEVA
TY5,DEVA
LS15,
LS3,
LS8,
LS16,
LS17,
LS9,
FS100,304-Z2
NG-TB001,
X8.,304-Z6
167C,
CY-N5,
LZ-6.3,
1000G,
C-03,404-Z6
C-07,
K007,304-Z1
K13.,404-Z9
K3.,
K9.,304-Z2
RAM-73,304-Z2
RAM-75,
N01,
360,404-Z3
N02+,404-Z2
RAM-10,
24,
24,
C-280,
F16,404-Z9
DK3888,404-Z6
SG-40A,304-Z7
SG-35B,404-Z5
F-444,304-Z5
F-888,304-Z5
FL-26,304-FOTOS
FL-27,304-Z1
FL-28,304-Z6
T8,404-Z7
AY-49Z,
HDL-117B-2,,
HDL-117B-2.,304-Z8
P5.,
P6.,
PR-400,DEVA
ST-400.,
ST-600.,
40-80,
14-42,
26-63,
FY-1.,DEVA
FY-2.,DEVA
X-200.,DEVA
X-400,
HD601,304-Z7
HD602B,304-Z7
ST-600,304-Z7
FDL-400,DEVA
FY-3.,DEVA
L400,
1500,
P4/,304-ZFOTOS
HD-602B,
KT03,
P4,304-Z1
NS-P400,
HDL-117B-2,304-Z1
X-100,
X-200,
40-85,304-Z2
P6,304-Z7
ST-400,304-Z7
DK-Z2,
RAM-72,304-Z4
EB917,304-Z2
EM-010,304-Z1
TAIQIUGAN,
T001,DEVA
WSD6,DEVA
YF-63,304-Z1
YF-64B,304-Z7
76,304-Z4
LH-400JB,304-Z1
LH-600JB,304-Z1
KB-001,404-Z3
BACKLIT,
030*,404-Z4
030-,404-Z4
136A,
30,
30,
KM-001,404-Z3
I8*,
KT999,
NUMBERSKEYBO,
85,
T958,
W3300,
KXT-3014,304-Z6
OHO-970B,304-Z8
OHO-505,304-Z2
KX-T333CID,
KX-T670MX,
L-30,
KX-T2013,
KX-T970,
OHO-5008CID,404-Z7
OHO-307,
JS437,304-Z3
JS431,404-Z5
18626-6,
18626-7,
3282,
3282-1,
JS430,
JS435,304-Z2
JS434,
JS440,
JS433,
JS436,304-Z2
JS441,
JS439,
JS442,
FKYC5881-600,
JS438,
JS429,
JS432,304-Z6
JS443,
JS444,
9363-2,
A2412,
BOTELLA-1,
BOTELLA-2,
AS-4,
AS-5,
AS-6,
FY-489,
L90012,
MD001,
RAM-T100,
A-801,
L60530,
18626-8,
SC-2309*,
SC-2309,
L60520,
L90013,304-Z4
L90022,
ZF-008,
YIMI-BW-010,
D3,
SP-607,
D4,
Q1,
QQ1,
QQ2,
QQ3,
MXS-1055-350,
DB-23679-T,
18267-8,
YX6608,
WD-02,
WD-05,304-FOTOS
TP101,
TP310,
18626-7*,
16064-14,
16064-19,
16070-1,
BH-600G,
BH-650G,
GY-13,
GY-14,
SCH-H350ML,
SCH-H600ML,
YDH-1200ML,
16311-21,404-Z6
16311-22,
RAM-T2,
L71920,
A528,
ZL-12,
R.97905-110,404-Z6
SC-20A,304-Z7
HK-4L,
K-HA1502,304-Z4
6071-3,
6071-4,
6071-5,
6071-6,
6071-7,
6071-8,
BY1200-B,404-Z8
600ML 304,Z
CF-230,
600ML304,
350ML304,
CM1,DEVA
CM2,DEVA
SCR-300,304-Z3
L70160,
18267-2,
GM3110,
GM-3105,
GM3002,
GM-3107,304-Z2
CF-001B,
HX-202B,
V-621,304-Z4
3024618,304-Z5
60-120,
SPS-502B,304-Z2
TRIPOD3388,
VCT5208,
3366,
3388,404-Z6
VCT 5208,
3110,404-Z7
TR462,
SPS-502/SPS-502M,304-Z1
2.1,404-Z4
DX-1,
JX588,
M8,
X8,
H313,
RM-Q1,
MAGICAL-X2,304-Z2
ONN,
TVR3,
XM-2,304-Z2
XM-3,304-Z2
K-GTV32FHD,
K-GTV40FHD,
K-GTV43FHD,
K-RTV40FHD,
RM-TV1001DVB,
RM-TV-900,404-Z9
DU7000,
VTL-H3260T4,
N1,
TVSTIC,
H4,
Y9-TVSTIC,
VALOR,
LB-62008,304-Z2
A-9,304-Z4
ZD-103,404-Z4
BLKI,DEVA
666*,
667,
HR2338,
KYT50-TX1R,
K-VAP26W,
K-VP20HS,
K-VM8N02,304-Z4
556,
558,
F05,
F06*,
F138,
F46,404-Z9
LINGLING-1,
HX-303/HX-T304,404-Z8
HS-22CP,404-Z8
X918,
7688-1,404-Z7
BJJ288-1,404-Z9
F-02,
FS-018,
HR2220,404-Z9
MA-106,
DH-5,404-Z3
MA-L108,
Z3,404-Z9
688,404-Z6
FT75-TX2T,304-Z5
FT75-TX15M,304-Z5
K-TF45,
K-TF60N,304-Z4
L71150,
L75680,
L75660,
L75920,
L82818,
L75545,
L71300,
L75385,
L75310,
IU-VF10PP,
ZL-13,
K918,
ZL-1,
600,
X7,
SUP,
G30,
G90,
R36PRO,
WM1404S-LA,
WM1000B,304-Z4
R.9207H-110,404-Z4
R.92222-110,304-Z8
R.92580H-110,404-Z5
CKSTWF2000,
L87371,
IU-WFL02,
WQ-H603,
LB-58037,404-Z3
L72413,304-Z1
L14621,304-Z1
YF-3,
YF-2,
4080W,
